{
  "filter": "F775w",
  "lumi_mean": 21.26299285888672,
  "lumi_std": 33.61113739013672,
  "mass_mean": 9.960525512695312,
  "mass_std": 0.25249820947647095
}