{
  "filter": "F814w",
  "lumi_mean": 29.115568161010742,
  "lumi_std": 27.301698684692383,
  "mass_mean": 9.960525512695312,
  "mass_std": 0.25249820947647095
}