{
  "filter": "F625w",
  "lumi_mean": 16.119407653808594,
  "lumi_std": 36.365684509277344,
  "mass_mean": 9.960525512695312,
  "mass_std": 0.25249820947647095
}