{
  "mass_mean": 9.960525512695312,
  "mass_std": 0.25249820947647095,
  "filters": {
    "F606w": {
      "lumi_mean": 19.288837432861328,
      "lumi_std": 34.98774719238281
    },
    "F625w": {
      "lumi_mean": 16.119407653808594,
      "lumi_std": 36.365684509277344
    },
    "F775w": {
      "lumi_mean": 21.26299285888672,
      "lumi_std": 33.61113739013672
    },
    "F814w": {
      "lumi_mean": 29.115568161010742,
      "lumi_std": 27.301698684692383
    },
    "F850lp": {
      "lumi_mean": 18.211055755615234,
      "lumi_std": 35.389991760253906
    }
  }
}