{
  "filter": "F606w",
  "lumi_mean": 19.288837432861328,
  "lumi_std": 34.98774719238281,
  "mass_mean": 9.960525512695312,
  "mass_std": 0.25249820947647095
}