{
  "filter": "F850lp",
  "lumi_mean": 18.211055755615234,
  "lumi_std": 35.389991760253906,
  "mass_mean": 9.960525512695312,
  "mass_std": 0.25249820947647095
}